iter	RMSE
0	0.468695885
1	0.4354706857
2	0.3978307353
3	0.3728843991
4	0.3481474388
